{
    "data": {
        "number": 0,
        "size": 21,
        "totalPages": 1,
        "customerTypeList": [
            {
                "id": 1,
                "name": "Type A"
            },
            {
                "id": 2,
                "name": "Type B"
            },
            {
                "id": 3,
                "name": "Type C"
            },
            {
                "id": 4,
                "name": "Type D"
            }
        ],
        "customerList": [
            {
                "id": 41,
                "customerName": "AAAAA",
                "customerTypeId": 1,
                "customerType": {
                    "id": 1,
                    "name": "A",
                    "status": "1",
                    "userId": 1
                },
                "typeOfInvestmentId": 2,
                "typeOfInvestment": {
                    "id": 2,
                    "name": "CCC",
                    "type": "company",
                    "status": "1",
                    "userId": 1
                },
                "typeOfSaleId": 2,
                "typeOfSale": {
                    "id": 2,
                    "name": "CCC",
                    "type": "company",
                    "status": "1",
                    "userId": 1
                },
                "customerStatus": 1,
                "customerDate": "2018-07-08T09:51:45.000+0000",
                "address": "Da nang",
                "status": null,
                "phone": "0939190696",
                "email": "abc@gmail.com",
                "catalog": null,
                "contactName": "QuyenLH1",
                "service": null,
                "position": null,
                "date": "2018-07-08T09:51:45.000+0000",
                "userId": null,
                "longitude": null,
                "latitude": null
            },
            {
                "id": 42,
                "customerName": "AAAAA",
                "customerTypeId": 1,
                "customerType": {
                    "id": 1,
                    "name": "A",
                    "status": "1",
                    "userId": 1
                },
                "typeOfInvestmentId": 2,
                "typeOfInvestment": {
                    "id": 2,
                    "name": "CCC",
                    "type": "company",
                    "status": "1",
                    "userId": 1
                },
                "typeOfSaleId": 2,
                "typeOfSale": {
                    "id": 2,
                    "name": "CCC",
                    "type": "company",
                    "status": "1",
                    "userId": 1
                },
                "customerStatus": 2,
                "customerDate": "2018-07-08T10:22:43.000+0000",
                "address": "Da nang",
                "status": null,
                "phone": null,
                "email": "abc@gmail.com",
                "catalog": null,
                "contactName": null,
                "service": null,
                "position": null,
                "date": "2018-07-08T10:22:43.000+0000",
                "userId": null,
                "longitude": null,
                "latitude": null
            },
            {
                "id": 43,
                "customerName": "BBB_@",
                "customerTypeId": 1,
                "customerType": {
                    "id": 1,
                    "name": "A",
                    "status": "1",
                    "userId": 1
                },
                "typeOfInvestmentId": 2,
                "typeOfInvestment": {
                    "id": 2,
                    "name": "CCC",
                    "type": "company",
                    "status": "1",
                    "userId": 1
                },
                "typeOfSaleId": 2,
                "typeOfSale": {
                    "id": 2,
                    "name": "CCC",
                    "type": "company",
                    "status": "1",
                    "userId": 1
                },
                "customerStatus": 3,
                "customerDate": "2018-07-08T10:23:07.000+0000",
                "address": "Da nang",
                "status": null,
                "phone": null,
                "email": "abcavaweq@gmail.com",
                "catalog": "Catalog 2",
                "contactName": "LHQ",
                "service": null,
                "position": null,
                "date": "2018-07-08T10:23:07.000+0000",
                "userId": null,
                "longitude": null,
                "latitude": null
            }
        ],
        "totalElements": 3
    },
    "meta": {
        "code": 200,
        "message": "List customers successfull"
    }
}